{
  "method_a": {
    "overall_accuracy": {
      "total": 315,
      "acc": 0.4761904761904761
    },
    "per_category_accuracy": {
      "single_hop": {
        "total": 144,
        "acc": 0.513888888888889
      },
      "mutihop": {
        "total": 84,
        "acc": 0.4047619047619048
      },
      "reasoning": {
        "total": 36,
        "acc": 0.3703703703703704
      },
      "updating": {
        "total": 7,
        "acc": 0.0
      },
      "user_modeling": {
        "total": 44,
        "acc": 0.6515151515151515
      }
    }
  },
  "method_b": {
    "overall_accuracy": {
      "total": 315,
      "acc": 47.452229299363054
    },
    "per_category_accuracy": {
      "0": {
        "total": 315,
        "acc": 0.473015873015873
      }
    }
  },
  "method_c": {
    "overall_accuracy": {
      "total": 315,
      "acc": 152
    },
    "per_category_accuracy": {
      "single_hop": {
        "total": 315,
        "acc": 0.48253968253968255
      }
    }
  }
}